<?xml version="1.0" encoding="UTF-8"?>
<idea-plugin>
    <extensions defaultExtensionNs="com.intellij">
        <!-- GitHub specific services and extensions -->
        <applicationService serviceImplementation="com.modforge.intellij.plugin.services.GitHubIntegrationService"/>
    </extensions>
    
    <!-- Actions related to GitHub integration -->
    <actions>
        <group id="ModForge.GitHubIntegration" text="GitHub Operations" description="ModForge GitHub integration operations">
            <add-to-group group-id="ModForge.MainMenu" anchor="last"/>
            <action id="ModForge.CreatePR" 
                    class="com.modforge.intellij.plugin.actions.CreatePullRequestAction" 
                    text="Create Pull Request" 
                    description="Create a GitHub pull request with AI-generated changes"/>
            <action id="ModForge.AnalyzeIssue" 
                    class="com.modforge.intellij.plugin.actions.AnalyzeGitHubIssueAction" 
                    text="Analyze GitHub Issue" 
                    description="Analyze a GitHub issue and suggest solutions"/>
            <action id="ModForge.SynchronizeRepository" 
                    class="com.modforge.intellij.plugin.actions.SynchronizeWithGitHubAction" 
                    text="Synchronize Repository" 
                    description="Synchronize local project with GitHub repository"/>
        </group>
    </actions>
</idea-plugin>